V	2872120	2875027	2	DUP	-+	DUP	V_2872120-V_2875027	CX11307	smoove	1/1	<DUP>	frameshift_variant&stop_gained	HIGH	DUP	WBGene00018138	2907	HIGH	WBGene00018138
V	12611647	12611702	2	DEL	+-	DEL	V_12611646-V_12611702	CX11307	manta	1/1	<DEL>	bidirectional_gene_fusion	HIGH	DEL	WBGene00013854	55	HIGH	WBGene00013855
X	7680900	7680991	2	DEL	+-	DEL	X_7680899-X_7680991	DL200	manta	1/1	<DEL>	intron_variant	MODIFIER	DEL	WBGene00017864	91	LOW-MOD	WBGene00017864
V	2874632	2875263	2	DEL	+-	DEL	V_2874631-V_2875263	DL238	manta	1/1	<DEL>	intron_variant	MODIFIER	DEL	WBGene00018138	631	LOW-MOD	WBGene00018138
III	3905059	3905210	2	DEL	+-	DEL	III_3905059-III_3905210	ECA191	manta	1/1	<DEL>	splice_region_variant&intron_variant	LOW	DEL	WBGene00014202	151	LOW-MOD	WBGene00014202
X	14945474	14945540	2	DEL	+-	DEL	X_14945474-X_14945540	ECA191	manta	1/1	<DEL>	intron_variant	MODIFIER	DEL	WBGene00003411	66	LOW-MOD	WBGene00003411
X	14945474	14945540	2	DEL	+-	DEL	X_14945474-X_14945540	ECA347	manta	1/1	<DEL>	intron_variant	MODIFIER	DEL	WBGene00003411	66	LOW-MOD	WBGene00003411
III	3905059	3905210	2	DEL	+-	DEL	III_3905059-III_3905210	ECA396	manta	1/1	<DEL>	splice_region_variant&intron_variant	LOW	DEL	WBGene00014202	151	LOW-MOD	WBGene00014202
X	14945474	14945540	2	DEL	+-	DEL	X_14945474-X_14945540	ECA396	manta	1/1	<DEL>	intron_variant	MODIFIER	DEL	WBGene00003411	66	LOW-MOD	WBGene00003411
V	12618931	12619019	2	DEL	+-	DEL	V_12618931-V_12619019	ECA593	manta	1/1	<DEL>	intron_variant	MODIFIER	DEL	WBGene00013855	88	LOW-MOD	WBGene00013855
V	2859827	2924672	1	DUP	-+	DUP	V_2859827-V_2924672	ECA701	delly	1/1	<DUP>	duplication	MODERATE	DUP	Transcript:C31B8.17	64845	LOW-MOD	WBGene00018138
X	14945474	14945540	2	DEL	+-	DEL	X_14945474-X_14945540	ECA701	manta	1/1	<DEL>	intron_variant	MODIFIER	DEL	WBGene00003411	66	LOW-MOD	WBGene00003411
X	7680900	7680991	2	DEL	+-	DEL	X_7680899-X_7680991	ECA706	manta	1/1	<DEL>	intron_variant	MODIFIER	DEL	WBGene00017864	91	LOW-MOD	WBGene00017864
V	12618931	12619019	2	DEL	+-	DEL	V_12618931-V_12619019	ECA712	manta	1/1	<DEL>	intron_variant	MODIFIER	DEL	WBGene00013855	88	LOW-MOD	WBGene00013855
III	3905059	3905210	2	DEL	+-	DEL	III_3905059-III_3905210	ECA722	manta	1/1	<DEL>	splice_region_variant&intron_variant	LOW	DEL	WBGene00014202	151	LOW-MOD	WBGene00014202
X	14945474	14945540	2	DEL	+-	DEL	X_14945474-X_14945540	ECA722	manta	1/1	<DEL>	intron_variant	MODIFIER	DEL	WBGene00003411	66	LOW-MOD	WBGene00003411
III	3905059	3905210	2	DEL	+-	DEL	III_3905059-III_3905210	ECA723	manta	1/1	<DEL>	splice_region_variant&intron_variant	LOW	DEL	WBGene00014202	151	LOW-MOD	WBGene00014202
X	14945474	14945540	3	DEL	+-	DEL	X_14945474-X_14945540	ECA723	manta	1/1	<DEL>	intron_variant	MODIFIER	DEL	WBGene00003411	66	LOW-MOD	WBGene00003411
III	7114079	7114305	2	DEL	+-	DEL	III_7114079-III_7114305	ECA724	manta	1/1	<DEL>	intron_variant	MODIFIER	DEL	WBGene00003609	226	LOW-MOD	WBGene00003609
X	14945474	14945540	2	DEL	+-	DEL	X_14945474-X_14945540	ECA724	manta	1/1	<DEL>	intron_variant	MODIFIER	DEL	WBGene00003411	66	LOW-MOD	WBGene00003411
III	3905059	3905210	2	DEL	+-	DEL	III_3905059-III_3905210	ECA730	manta	1/1	<DEL>	splice_region_variant&intron_variant	LOW	DEL	WBGene00014202	151	LOW-MOD	WBGene00014202
X	14945474	14945540	2	DEL	+-	DEL	X_14945474-X_14945540	ECA730	manta	1/1	<DEL>	intron_variant	MODIFIER	DEL	WBGene00003411	66	LOW-MOD	WBGene00003411
V	2872446	2873092	2	DEL	+-	DEL	V_2873436-V_2873494	ECA732	manta	1/1	<DUP>	frameshift_variant	HIGH	DEL	WBGene00018138	646	HIGH	WBGene00018138
V	2874632	2875263	2	DEL	+-	DEL	V_2874631-V_2875263	ECA732	manta	1/1	<DEL>	intron_variant	MODIFIER	DEL	WBGene00018138	631	LOW-MOD	WBGene00018138
V	2872446	2873092	2	DEL	+-	DEL	V_2873436-V_2873494	ECA733	manta	1/1	<DUP>	frameshift_variant	HIGH	DEL	WBGene00018138	646	HIGH	WBGene00018138
V	2874632	2875263	2	DEL	+-	DEL	V_2874631-V_2875263	ECA733	manta	1/1	<DEL>	intron_variant	MODIFIER	DEL	WBGene00018138	631	LOW-MOD	WBGene00018138
X	14945474	14945540	2	DEL	+-	DEL	X_14945474-X_14945540	ECA741	manta	1/1	<DEL>	intron_variant	MODIFIER	DEL	WBGene00003411	66	LOW-MOD	WBGene00003411
III	3905059	3905210	2	DEL	+-	DEL	III_3905059-III_3905210	ECA744	manta	1/1	<DEL>	splice_region_variant&intron_variant	LOW	DEL	WBGene00014202	151	LOW-MOD	WBGene00014202
X	14945474	14945540	2	DEL	+-	DEL	X_14945474-X_14945540	ECA744	manta	1/1	<DEL>	intron_variant	MODIFIER	DEL	WBGene00003411	66	LOW-MOD	WBGene00003411
III	3905059	3905210	2	DEL	+-	DEL	III_3905059-III_3905210	ECA745	manta	1/1	<DEL>	splice_region_variant&intron_variant	LOW	DEL	WBGene00014202	151	LOW-MOD	WBGene00014202
X	14945474	14945540	2	DEL	+-	DEL	X_14945474-X_14945540	ECA745	manta	1/1	<DEL>	intron_variant	MODIFIER	DEL	WBGene00003411	66	LOW-MOD	WBGene00003411
III	3905059	3905210	2	DEL	+-	DEL	III_3905059-III_3905210	ECA746	manta	1/1	<DEL>	splice_region_variant&intron_variant	LOW	DEL	WBGene00014202	151	LOW-MOD	WBGene00014202
X	14945474	14945540	2	DEL	+-	DEL	X_14945474-X_14945540	ECA746	manta	1/1	<DEL>	intron_variant	MODIFIER	DEL	WBGene00003411	66	LOW-MOD	WBGene00003411
X	7680900	7680991	2	DEL	+-	DEL	X_7680899-X_7680991	ECA760	manta	1/1	<DEL>	intron_variant	MODIFIER	DEL	WBGene00017864	91	LOW-MOD	WBGene00017864
V	12618931	12619019	2	DEL	+-	DEL	V_12618931-V_12619019	ECA768	manta	1/1	<DEL>	intron_variant	MODIFIER	DEL	WBGene00013855	88	LOW-MOD	WBGene00013855
X	7680900	7680991	2	DEL	+-	DEL	X_7680899-X_7680991	ECA768	manta	1/1	<DEL>	intron_variant	MODIFIER	DEL	WBGene00017864	91	LOW-MOD	WBGene00017864
X	7680900	7680991	2	DEL	+-	DEL	X_7680899-X_7680991	ECA777	manta	1/1	<DEL>	intron_variant	MODIFIER	DEL	WBGene00017864	91	LOW-MOD	WBGene00017864
X	7680900	7680991	2	DEL	+-	DEL	X_7680899-X_7680991	ECA778	manta	1/1	<DEL>	intron_variant	MODIFIER	DEL	WBGene00017864	91	LOW-MOD	WBGene00017864
V	12618931	12619019	2	DEL	+-	DEL	V_12618931-V_12619019	ECA807	manta	1/1	<DEL>	intron_variant	MODIFIER	DEL	WBGene00013855	88	LOW-MOD	WBGene00013855
V	12618931	12619019	2	DEL	+-	DEL	V_12618931-V_12619019	ECA812	manta	1/1	<DEL>	intron_variant	MODIFIER	DEL	WBGene00013855	88	LOW-MOD	WBGene00013855
X	7680900	7680991	2	DEL	+-	DEL	X_7680899-X_7680991	EG4724	manta	1/1	<DEL>	intron_variant	MODIFIER	DEL	WBGene00017864	91	LOW-MOD	WBGene00017864
V	2874632	2875263	2	DEL	+-	DEL	V_2874631-V_2875263	JU1172	manta	1/1	<DEL>	intron_variant	MODIFIER	DEL	WBGene00018138	631	LOW-MOD	WBGene00018138
X	7680900	7680991	2	DEL	+-	DEL	X_7680899-X_7680991	JU1213	manta	1/1	<DEL>	intron_variant	MODIFIER	DEL	WBGene00017864	91	LOW-MOD	WBGene00017864
X	7680900	7680991	2	DEL	+-	DEL	X_7680899-X_7680991	JU1242	manta	1/1	<DEL>	intron_variant	MODIFIER	DEL	WBGene00017864	91	LOW-MOD	WBGene00017864
X	7680900	7680991	2	DEL	+-	DEL	X_7680899-X_7680991	JU1530	manta	1/1	<DEL>	intron_variant	MODIFIER	DEL	WBGene00017864	91	LOW-MOD	WBGene00017864
X	7680900	7680991	2	DEL	+-	DEL	X_7680899-X_7680991	JU1666	manta	1/1	<DEL>	intron_variant	MODIFIER	DEL	WBGene00017864	91	LOW-MOD	WBGene00017864
X	7680900	7680991	2	DEL	+-	DEL	X_7680899-X_7680991	JU2001	manta	1/1	<DEL>	intron_variant	MODIFIER	DEL	WBGene00017864	91	LOW-MOD	WBGene00017864
X	7680900	7680991	2	DEL	+-	DEL	X_7680899-X_7680991	JU2106	manta	1/1	<DEL>	intron_variant	MODIFIER	DEL	WBGene00017864	91	LOW-MOD	WBGene00017864
X	7680900	7680991	2	DEL	+-	DEL	X_7680899-X_7680991	JU2131	manta	1/1	<DEL>	intron_variant	MODIFIER	DEL	WBGene00017864	91	LOW-MOD	WBGene00017864
X	7680900	7680991	2	DEL	+-	DEL	X_7680899-X_7680991	JU2250	manta	1/1	<DEL>	intron_variant	MODIFIER	DEL	WBGene00017864	91	LOW-MOD	WBGene00017864
X	7680900	7680991	2	DEL	+-	DEL	X_7680899-X_7680991	JU2478	manta	1/1	<DEL>	intron_variant	MODIFIER	DEL	WBGene00017864	91	LOW-MOD	WBGene00017864
X	7680900	7680991	2	DEL	+-	DEL	X_7680899-X_7680991	JU2534	manta	1/1	<DEL>	intron_variant	MODIFIER	DEL	WBGene00017864	91	LOW-MOD	WBGene00017864
X	7680900	7680991	2	DEL	+-	DEL	X_7680899-X_7680991	JU2570	manta	1/1	<DEL>	intron_variant	MODIFIER	DEL	WBGene00017864	91	LOW-MOD	WBGene00017864
X	7680900	7680991	2	DEL	+-	DEL	X_7680899-X_7680991	JU2576	manta	1/1	<DEL>	intron_variant	MODIFIER	DEL	WBGene00017864	91	LOW-MOD	WBGene00017864
X	7680900	7680991	2	DEL	+-	DEL	X_7680899-X_7680991	JU258	manta	1/1	<DEL>	intron_variant	MODIFIER	DEL	WBGene00017864	91	LOW-MOD	WBGene00017864
X	7680900	7680991	2	DEL	+-	DEL	X_7680899-X_7680991	JU2800	manta	1/1	<DEL>	intron_variant	MODIFIER	DEL	WBGene00017864	91	LOW-MOD	WBGene00017864
X	7680900	7680991	2	DEL	+-	DEL	X_7680899-X_7680991	JU2838	manta	1/1	<DEL>	intron_variant	MODIFIER	DEL	WBGene00017864	91	LOW-MOD	WBGene00017864
X	7668105	7668320	2	DEL	+-	DEL	X_7668102-X_7668320	JU2906	manta	1/1	<DEL>	intron_variant	MODIFIER	DEL	WBGene00017864	215	LOW-MOD	WBGene00017864
X	7680900	7680991	2	DEL	+-	DEL	X_7680899-X_7680991	JU2906	manta	1/1	<DEL>	intron_variant	MODIFIER	DEL	WBGene00017864	91	LOW-MOD	WBGene00017864
X	7680900	7680991	2	DEL	+-	DEL	X_7680899-X_7680991	JU310	manta	1/1	<DEL>	intron_variant	MODIFIER	DEL	WBGene00017864	91	LOW-MOD	WBGene00017864
X	7680900	7680991	2	DEL	+-	DEL	X_7680899-X_7680991	JU3132	manta	1/1	<DEL>	intron_variant	MODIFIER	DEL	WBGene00017864	91	LOW-MOD	WBGene00017864
X	7680900	7680991	2	DEL	+-	DEL	X_7680899-X_7680991	JU3140	manta	1/1	<DEL>	intron_variant	MODIFIER	DEL	WBGene00017864	91	LOW-MOD	WBGene00017864
X	7680900	7680991	2	DEL	+-	DEL	X_7680899-X_7680991	JU3166	manta	1/1	<DEL>	intron_variant	MODIFIER	DEL	WBGene00017864	91	LOW-MOD	WBGene00017864
X	7680900	7680991	2	DEL	+-	DEL	X_7680899-X_7680991	JU3167	manta	1/1	<DEL>	intron_variant	MODIFIER	DEL	WBGene00017864	91	LOW-MOD	WBGene00017864
X	7680900	7680991	2	DEL	+-	DEL	X_7680899-X_7680991	JU3169	manta	1/1	<DEL>	intron_variant	MODIFIER	DEL	WBGene00017864	91	LOW-MOD	WBGene00017864
V	12618931	12619019	2	DEL	+-	DEL	V_12618931-V_12619019	JU3224	manta	1/1	<DEL>	intron_variant	MODIFIER	DEL	WBGene00013855	88	LOW-MOD	WBGene00013855
X	7680900	7680991	2	DEL	+-	DEL	X_7680899-X_7680991	JU323	manta	1/1	<DEL>	intron_variant	MODIFIER	DEL	WBGene00017864	91	LOW-MOD	WBGene00017864
X	7680900	7680991	2	DEL	+-	DEL	X_7680899-X_7680991	JU440	manta	1/1	<DEL>	intron_variant	MODIFIER	DEL	WBGene00017864	91	LOW-MOD	WBGene00017864
V	12618931	12619019	2	DEL	+-	DEL	V_12618931-V_12619019	JU774	manta	1/1	<DEL>	intron_variant	MODIFIER	DEL	WBGene00013855	88	LOW-MOD	WBGene00013855
X	7680900	7680991	2	DEL	+-	DEL	X_7680899-X_7680991	JU792	manta	1/1	<DEL>	intron_variant	MODIFIER	DEL	WBGene00017864	91	LOW-MOD	WBGene00017864
X	7680900	7680991	2	DEL	+-	DEL	X_7680899-X_7680991	JU847	manta	1/1	<DEL>	intron_variant	MODIFIER	DEL	WBGene00017864	91	LOW-MOD	WBGene00017864
X	7680900	7680991	2	DEL	+-	DEL	X_7680899-X_7680991	MY2147	manta	1/1	<DEL>	intron_variant	MODIFIER	DEL	WBGene00017864	91	LOW-MOD	WBGene00017864
III	3906556	3906738	1	DEL	+-	DEL	III_3906556-III_3906738	MY2535	manta	1/1	<DEL>	intron_variant	MODIFIER	DEL	WBGene00014202	182	LOW-MOD	WBGene00014202
X	7680900	7680991	2	DEL	+-	DEL	X_7680899-X_7680991	MY2573	manta	1/1	<DEL>	intron_variant	MODIFIER	DEL	WBGene00017864	91	LOW-MOD	WBGene00017864
X	7680900	7680991	2	DEL	+-	DEL	X_7680899-X_7680991	MY772	manta	1/1	<DEL>	intron_variant	MODIFIER	DEL	WBGene00017864	91	LOW-MOD	WBGene00017864
X	7680900	7680991	2	DEL	+-	DEL	X_7680899-X_7680991	NIC1049	manta	1/1	<DEL>	intron_variant	MODIFIER	DEL	WBGene00017864	91	LOW-MOD	WBGene00017864
X	7680900	7680991	2	DEL	+-	DEL	X_7680899-X_7680991	NIC1107	manta	1/1	<DEL>	intron_variant	MODIFIER	DEL	WBGene00017864	91	LOW-MOD	WBGene00017864
V	2874632	2875263	2	DEL	+-	DEL	V_2874631-V_2875263	NIC1119	manta	1/1	<DEL>	intron_variant	MODIFIER	DEL	WBGene00018138	631	LOW-MOD	WBGene00018138
X	7680900	7680991	2	DEL	+-	DEL	X_7680899-X_7680991	NIC166	manta	1/1	<DEL>	intron_variant	MODIFIER	DEL	WBGene00017864	91	LOW-MOD	WBGene00017864
X	7680900	7680991	2	DEL	+-	DEL	X_7680899-X_7680991	NIC1	manta	1/1	<DEL>	intron_variant	MODIFIER	DEL	WBGene00017864	91	LOW-MOD	WBGene00017864
X	7680900	7680991	2	DEL	+-	DEL	X_7680899-X_7680991	NIC266	manta	1/1	<DEL>	intron_variant	MODIFIER	DEL	WBGene00017864	91	LOW-MOD	WBGene00017864
X	7680900	7680991	2	DEL	+-	DEL	X_7680899-X_7680991	NIC267	manta	1/1	<DEL>	intron_variant	MODIFIER	DEL	WBGene00017864	91	LOW-MOD	WBGene00017864
X	7680900	7680991	2	DEL	+-	DEL	X_7680899-X_7680991	NIC268	manta	1/1	<DEL>	intron_variant	MODIFIER	DEL	WBGene00017864	91	LOW-MOD	WBGene00017864
X	7680900	7680991	2	DEL	+-	DEL	X_7680899-X_7680991	NIC269	manta	1/1	<DEL>	intron_variant	MODIFIER	DEL	WBGene00017864	91	LOW-MOD	WBGene00017864
X	7680900	7680991	2	DEL	+-	DEL	X_7680899-X_7680991	NIC274	manta	1/1	<DEL>	intron_variant	MODIFIER	DEL	WBGene00017864	91	LOW-MOD	WBGene00017864
X	7680900	7680991	2	DEL	+-	DEL	X_7680899-X_7680991	NIC276	manta	1/1	<DEL>	intron_variant	MODIFIER	DEL	WBGene00017864	91	LOW-MOD	WBGene00017864
X	7680900	7680991	2	DEL	+-	DEL	X_7680899-X_7680991	NIC277	manta	1/1	<DEL>	intron_variant	MODIFIER	DEL	WBGene00017864	91	LOW-MOD	WBGene00017864
X	7680900	7680991	2	DEL	+-	DEL	X_7680899-X_7680991	NIC3	manta	1/1	<DEL>	intron_variant	MODIFIER	DEL	WBGene00017864	91	LOW-MOD	WBGene00017864
V	2872120	2875027	2	DUP	-+	DUP	V_2872120-V_2875027	NIC501	smoove	1/1	<DUP>	frameshift_variant&stop_gained	HIGH	DUP	WBGene00018138	2907	HIGH	WBGene00018138
X	7680900	7680991	2	DEL	+-	DEL	X_7680899-X_7680991	NIC501	manta	1/1	<DEL>	intron_variant	MODIFIER	DEL	WBGene00017864	91	LOW-MOD	WBGene00017864
V	12618931	12619019	2	DEL	+-	DEL	V_12618931-V_12619019	QG2832	manta	1/1	<DEL>	intron_variant	MODIFIER	DEL	WBGene00013855	88	LOW-MOD	WBGene00013855
V	12618931	12619019	2	DEL	+-	DEL	V_12618931-V_12619019	QG2835	manta	1/1	<DEL>	intron_variant	MODIFIER	DEL	WBGene00013855	88	LOW-MOD	WBGene00013855
V	12618931	12619019	2	DEL	+-	DEL	V_12618931-V_12619019	QG2836	manta	1/1	<DEL>	intron_variant	MODIFIER	DEL	WBGene00013855	88	LOW-MOD	WBGene00013855
V	12618931	12619019	2	DEL	+-	DEL	V_12618931-V_12619019	QG2837	manta	1/1	<DEL>	intron_variant	MODIFIER	DEL	WBGene00013855	88	LOW-MOD	WBGene00013855
V	2872120	2875027	2	DUP	-+	DUP	V_2872120-V_2875027	QG2838	smoove	1/1	<DUP>	frameshift_variant&stop_gained	HIGH	DUP	WBGene00018138	2907	HIGH	WBGene00018138
X	7680900	7680991	2	DEL	+-	DEL	X_7680899-X_7680991	QG2841	manta	1/1	<DEL>	intron_variant	MODIFIER	DEL	WBGene00017864	91	LOW-MOD	WBGene00017864
V	2872120	2875027	2	DUP	-+	DUP	V_2872120-V_2875027	QG2846	smoove	1/1	<DUP>	frameshift_variant&stop_gained	HIGH	DUP	WBGene00018138	2907	HIGH	WBGene00018138
X	7680900	7680991	2	DEL	+-	DEL	X_7680899-X_7680991	QG2846	manta	1/1	<DEL>	intron_variant	MODIFIER	DEL	WBGene00017864	91	LOW-MOD	WBGene00017864
V	2874632	2875263	2	DEL	+-	DEL	V_2874631-V_2875263	QW947	manta	1/1	<DEL>	intron_variant	MODIFIER	DEL	WBGene00018138	631	LOW-MOD	WBGene00018138
V	2872446	2873092	1	INS	+-	INS	V_2872695-V_2872703	QX1791	manta	1/1	<DUP>	frameshift_variant	HIGH	INS	WBGene00018138	646	HIGH	WBGene00018138
X	7680900	7680991	2	DEL	+-	DEL	X_7680899-X_7680991	WN2064	manta	1/1	<DEL>	intron_variant	MODIFIER	DEL	WBGene00017864	91	LOW-MOD	WBGene00017864
X	7665682	7665743	1	DEL	+-	DEL	X_7665682-X_7665743	XZ1514	manta	1/1	<DEL>	gene_fusion	HIGH	DEL	WBGene00017864	61	HIGH	WBGene00017864
X	7665682	7665743	1	DEL	+-	DEL	X_7665682-X_7665743	XZ1514	manta	1/1	<DEL>	gene_fusion	HIGH	DEL	WBGene00017864	61	HIGH	WBGene00270320
X	14945474	14945540	2	DEL	+-	DEL	X_14945474-X_14945540	XZ1514	manta	1/1	<DEL>	intron_variant	MODIFIER	DEL	WBGene00003411	66	LOW-MOD	WBGene00003411
X	14945474	14945540	2	DEL	+-	DEL	X_14945474-X_14945540	XZ1515	manta	1/1	<DEL>	intron_variant	MODIFIER	DEL	WBGene00003411	66	LOW-MOD	WBGene00003411
X	14945474	14945540	2	DEL	+-	DEL	X_14945474-X_14945540	XZ1516	manta	1/1	<DEL>	intron_variant	MODIFIER	DEL	WBGene00003411	66	LOW-MOD	WBGene00003411
V	2866364	2873286	1	DUP	-+	DUP	V_2866364-V_2873286	XZ1735	smoove	1/1	<DUP>	bidirectional_gene_fusion	HIGH	DUP	WBGene00005447	6922	HIGH	WBGene00018138
V	12618931	12619019	2	DEL	+-	DEL	V_12618931-V_12619019	XZ2019	manta	1/1	<DEL>	intron_variant	MODIFIER	DEL	WBGene00013855	88	LOW-MOD	WBGene00013855
